ID,Name,Email,PhoneNumber,Age,Country,Salary,JoiningDate
1,Name_1,user1@example.com,917950753682.0,42,India,169612,2022-10-26
2,Name_2,user2@example.com,Unavailable,58,Unknown,90328,2020-06-13
3,Name_3,user3@example.com,915573941509.0,34,Unknown,34916,2022-11-11
4,Name_4,user4@example.com,915933665735.0,20,Australia,82894,2022-11-02
5,Name_5,user5@example.com,916565815870.0,39,Canada,47647,2023-07-11
6,Name_6,user6@example.com,911953285215.0,19,Canada,154102,2022-04-21
7,Name_7,user7@example.com,915587509976.0,54,Unknown,109386,2021-11-21
8,Name_8,user8@example.com,913569046553.0,25,USA,70357,2022-06-15
9,Name_9,user9@example.com,911779327679.0,58,USA,106386,2025-01-04
10,Name_10,user10@example.com,Unavailable,35,UK,140636,2023-04-04
11,Name_11,user11@example.com,Unavailable,59,Australia,100832,2023-05-19
12,Name_12,user12@example.com,Unavailable,40,USA,75975,2022-08-13
13,Name_13,user13@example.com,915166340650.0,50,USA,35695,2023-06-26
14,Name_14,user14@example.com,911363198917.0,40,USA,62634,2023-07-18
15,Name_15,user15@example.com,915490487647.0,56,Unknown,59739,2022-02-17
16,Name_16,user16@example.com,914473512621.0,42,Unknown,111102,2023-05-22
17,Name_17,user17@example.com,912637633347.0,60,UK,113631,2021-09-27
18,Name_18,user18@example.com,Unavailable,47,Canada,110836,2023-04-27
19,Name_19,user19@example.com,913998896189.0,48,India,68476,2021-10-13
20,Unknown,missing@email.com,919523792761.0,18,USA,157558,2020-06-08
21,Name_21,user21@example.com,Unavailable,28,India,58999,2022-09-15
22,Name_22,user22@example.com,912897784584.0,19,India,171011,2021-09-24
23,Name_23,missing@email.com,911093140730.0,49,Canada,34862,2020-02-03
24,Name_24,missing@email.com,912509655119.0,38,USA,67131,2020-06-25
25,Name_25,user25@example.com,919760611434.0,42,Unknown,121141,2023-04-26
26,Name_26,user26@example.com,916944280811.0,23,Australia,173232,2020-07-20
27,Name_27,user27@example.com,917379531431.0,52,Canada,187500,2023-10-05
28,Name_28,user28@example.com,Unavailable,39,USA,183732,2022-10-01
29,Unknown,user29@example.com,917960658205.0,40,UK,195735,2023-11-03
30,Name_30,user30@example.com,Unavailable,39,USA,143636,2025-01-04
31,Name_31,user31@example.com,Unavailable,40,USA,184822,2021-01-15
32,Name_32,missing@email.com,Unavailable,51,Canada,42284,2022-01-17
33,Name_33,missing@email.com,911811570802.0,41,UK,127114,2023-03-07
34,Name_34,user34@example.com,918983704680.0,40,Canada,146383,2022-04-10
35,Name_35,user35@example.com,918906064412.0,50,Unknown,119220,2023-08-02
36,Name_36,user36@example.com,915855117028.0,18,UK,198757,2023-12-27
37,Name_37,user37@example.com,913028989162.0,28,UK,97948,2020-05-05
38,Name_38,user38@example.com,915923273145.0,43,USA,111102,2021-12-16
39,Name_39,user39@example.com,914086945722.0,29,Unknown,157058,2025-01-04
40,Name_40,user40@example.com,911705249134.0,44,India,48401,2023-07-19
41,Name_41,user41@example.com,917944882450.0,27,Canada,172224,2020-03-11
42,Name_42,user42@example.com,914946909727.0,27,India,112810,2025-01-04
43,Unknown,user43@example.com,Unavailable,58,UK,111102,2021-04-26
44,Name_44,user44@example.com,918204144254.0,51,Canada,140121,2020-03-20
45,Name_45,user45@example.com,911725906650.0,18,India,112784,2022-05-10
46,Name_46,user46@example.com,911339498791.0,21,Australia,187729,2021-04-02
47,Name_47,user47@example.com,Unavailable,56,Canada,65081,2025-01-04
48,Name_48,user48@example.com,Unavailable,35,USA,169021,2022-02-13
49,Unknown,missing@email.com,Unavailable,20,Unknown,187736,2023-09-20
50,Name_50,user50@example.com,Unavailable,22,UK,90474,2021-10-06
51,Name_51,user51@example.com,917074564593.0,44,Unknown,119876,2025-01-04
52,Name_52,user52@example.com,Unavailable,51,India,158289,2025-01-04
53,Name_53,user53@example.com,914327873793.0,40,USA,74792,2021-05-15
54,Name_54,user54@example.com,Unavailable,41,Canada,49322,2021-01-18
55,Name_55,missing@email.com,914416059293.0,24,Australia,111102,2023-12-09
56,Name_56,user56@example.com,Unavailable,50,Australia,125830,2023-01-28
57,Name_57,user57@example.com,Unavailable,47,Unknown,111102,2022-01-26
58,Name_58,user58@example.com,912875963296.0,40,Canada,42216,2022-02-03
59,Name_59,user59@example.com,911900421126.0,59,Unknown,38736,2021-02-10
60,Name_60,user60@example.com,919043834938.0,30,USA,73287,2023-01-06
61,Name_61,user61@example.com,916073941914.0,39,Australia,128920,2025-01-04
62,Unknown,user62@example.com,915318198772.0,39,India,76313,2021-03-20
63,Name_63,user63@example.com,917125328095.0,49,Australia,173577,2022-03-10
64,Name_64,user64@example.com,918712989831.0,40,Canada,128205,2021-04-25
65,Unknown,user65@example.com,913280673178.0,39,India,70373,2022-09-08
66,Unknown,user66@example.com,913283499553.0,40,Unknown,49931,2021-07-08
67,Name_67,user67@example.com,917446951710.0,50,UK,113849,2021-04-15
68,Name_68,user68@example.com,918940377070.0,40,India,142531,2022-01-14
69,Name_69,user69@example.com,916698030531.0,53,India,158197,2023-03-11
70,Name_70,user70@example.com,915678565210.0,52,India,161605,2020-12-04
71,Name_71,user71@example.com,911159872933.0,28,UK,92980,2021-08-16
72,Name_72,user72@example.com,917763686738.0,43,India,116611,2022-07-05
73,Name_73,user73@example.com,917593825939.0,58,India,72033,2021-01-16
74,Name_74,missing@email.com,912816287312.0,40,Australia,111102,2021-12-23
75,Name_75,user75@example.com,917267931832.0,40,USA,115633,2022-10-01
76,Name_76,user76@example.com,918770603783.0,35,Australia,115301,2020-02-19
77,Unknown,user77@example.com,Unavailable,31,USA,61624,2025-01-04
78,Unknown,user78@example.com,912594399174.0,23,UK,135053,2022-03-07
79,Name_79,user79@example.com,911536233831.0,35,Canada,79275,2021-12-27
80,Name_80,user80@example.com,915573448336.0,31,Unknown,105582,2025-01-04
81,Name_81,user81@example.com,912044525211.0,20,Canada,111102,2020-09-25
82,Name_82,user82@example.com,918258285821.0,43,India,145404,2021-08-02
83,Name_83,user83@example.com,913552794430.0,59,USA,155077,2020-06-07
84,Name_84,user84@example.com,918834203328.0,40,India,45971,2022-10-15
85,Name_85,user85@example.com,919784202686.0,48,USA,87742,2023-04-04
86,Name_86,user86@example.com,918578661770.0,40,UK,40292,2023-04-15
87,Name_87,user87@example.com,Unavailable,56,India,168708,2023-06-11
88,Name_88,user88@example.com,Unavailable,33,UK,70887,2023-08-05
89,Name_89,user89@example.com,918857153966.0,38,Australia,191861,2023-02-02
90,Name_90,user90@example.com,917381415030.0,34,Unknown,71252,2022-01-07
91,Name_91,user91@example.com,916062483467.0,58,USA,79132,2022-04-13
92,Name_92,user92@example.com,916075468664.0,56,USA,94414,2025-01-04
93,Name_93,user93@example.com,919357873311.0,47,UK,54027,2022-08-12
94,Name_94,missing@email.com,914606042385.0,20,UK,134948,2021-01-13
95,Name_95,user95@example.com,Unavailable,25,UK,165398,2022-07-14
96,Name_96,user96@example.com,917821426692.0,43,Unknown,133255,2023-04-27
97,Name_97,user97@example.com,Unavailable,21,India,89847,2021-06-18
98,Name_98,missing@email.com,919532336811.0,47,UK,113941,2020-12-11
99,Name_99,user99@example.com,916212302532.0,40,Unknown,135807,2022-02-03
100,Name_100,user100@example.com,915138962092.0,53,UK,85959,2025-01-04
